['Aaliyah Howells', 11]
['Aanya Emery', 11]
['Aariz Oconnell', 11]
['Abi Preece', 11]
['Abigail Hopper', 10]
['Adeel Holmes', 10]
['Adela Smart', 9]
['Adem Markham', 9]
['Adem Sykes', 11]
['Aditi Hackett', 11]
['Adrian Park', 9]
['Aeryn Roberson', 11]
['Agata Bowman', 9]
['Ahmed Li', 11]
['Ahmet Mccann', 10]
['Aishah Graves', 9]
['Aiysha Daniels', 11]
['Aj Moses', 9]
['Alaw Markham', 11]
['Albert Bell', 9]
['Alena Chung', 9]
['Alex Robin', 10]
['Alexandre Callahan', 9]
['Alexandria Vo', 10]
['Alice Dolan', 9]
['Alina Daly', 11]
['Alistair Cherry', 10]
['Allana Mcknight', 9]
['Allana Owen', 11]
['Alvin Hill', 11]
['Alysia Pennington', 10]
['Amandeep Blackburn', 11]
['Amarah Weiss', 10]
['Amelia Hewitt', 10]
['Amie Dejesus', 10]
['Amirah Seymour', 11]
['Ammara Cantu', 10]
['Amy Dickinson', 9]
['Anabia Wu', 11]
['Anastasia Reid', 11]
['Anastazja Chaney', 9]
['Aneeka May', 10]
['Aneesah Velazquez', 11]
['Anisah Begum', 11]
['Anne-Marie Sumner', 10]
['Antoine Rodriquez', 10]
['Antonio Rosario', 10]
['Aoife Gould', 11]
['Aqsa Peel', 10]
['Arda Curran', 10]
['Ariadne Gutierrez', 9]
['Arianna Roy', 10]
['Arianne Wilder', 9]
['Ariel Osborn', 9]
['Arielle Paul', 9]
['Arnie Sinclair', 9]
['Arnold Chambers', 9]
['Arran Burn', 9]
['Arwa Summers', 11]
['Aryan Thornton', 11]
['Astrid Wilkins', 9]
['Augustus Beattie', 11]
['Avani Finley', 9]
['Avery Kent', 11]
['Aviana Hassan', 9]
['Avleen May', 9]
['Ayaz Guevara', 11]
['Ayman Mills', 9]
['Ayrton Huber', 10]
['Bailey Harris', 10]
['Bayley Horton', 11]
['Beatrix Mcconnell', 11]
['Beau Landry', 9]
['Benas Peters', 9]
['Benedict Whitehouse', 10]
['Bentley Beach', 9]
['Berat Holland', 9]
['Bernice Britton', 11]
['Bert Wolfe', 11]
['Bertram Bellamy', 11]
['Bethany Conley', 9]
['Bluebell Benitez', 9]
['Bogdan Summers', 10]
['Boyd Walls', 10]
['Bradlee Blackmore', 10]
['Bret Tran', 10]
['Britany Hagan', 9]
['Bronwen Knights', 9]
['Bryson Dudley', 9]
['Bryson Jacobson', 11]
['Caden Mcfadden', 9]
['Cain Rollins', 10]
['Cairo Eaton', 11]
['Caitlan Ratcliffe', 11]
['Calista Legge', 9]
['Cally Colley', 9]
['Caoimhe Sampson', 9]
['Caolan Irvine', 9]
['Caris Sherman', 9]
['Carla Riggs', 9]
['Carlie Lu', 10]
['Carolina Foley', 9]
['Carson Dunne', 10]
['Cathy Shepard', 10]
['Catriona Esparza', 11]
['Cayson Kerr', 9]
['Ceara Odling', 11]
['Chad Barr', 11]
['Chanelle Senior', 9]
['Charity Herrera', 11]
['Charlotte Talley', 10]
['Chenai Ball', 10]
['Cherie Austin', 11]
['Cheryl Clemons', 11]
['Chloe-Louise Garner', 11]
['Chris Irving', 9]
['Christy Bradford', 10]
['Cian Forster', 11]
['Ciaran Lott', 11]
['Cienna Dowling', 9]
['Clarissa Nicholls', 11]
['Cobie Barclay', 9]
['Colleen Blackburn', 9]
['Connar Barnard', 9]
['Conner Hope', 11]
['Connie Meyer', 10]
['Conor Wilder', 10]
['Corrina Le', 9]
['Corrina Mellor', 9]
['Crystal Hopkins', 11]
['Dafydd Wheeler', 9]
['Daisie Faulkner', 11]
['Dalia Dodd', 11]
['Dalia Truong', 10]
['Damian Grant', 11]
['Damien Montes', 10]
['Dan Ellwood', 10]
['Daniele Irving', 11]
['Daniyal Burks', 9]
['Danyl Easton', 9]
['Darcey Burt', 10]
['Darragh Gilbert', 9]
['Darrell Welsh', 9]
['Darryl Keenan', 9]
['Delores Ventura', 9]
['Denny Hackett', 9]
['Derry Frazier', 10]
['Desiree Kaiser', 9]
['Devan Esparza', 9]
['Devonte Gibson', 9]
['Dillon Beasley', 11]
['Dillon Vasquez', 11]
['Divine Sweeney', 9]
['Dominic Hilton', 11]
['Dominick Eaton', 9]
['Dominick Ruiz', 11]
['Donte Croft', 10]
['Dottie Fleming', 10]
['Dua Sharples', 9]
['Ed Robson', 11]
['Eddison Carroll', 9]
['Eden Wiley', 11]
['Edward Mckinney', 9]
['Eesha Blundell', 9]
['Effie Bassett', 9]
['Eisa Gross', 11]
['Ela Carver', 10]
['Eleasha Cervantes', 9]
['Eli Battle', 11]
['Eliana Tait', 9]
['Elis Singh', 9]
['Elize Hancock', 10]
['Ella-Louise Cleveland', 11]
['Ellen Sanchez', 11]
['Ellena Santana', 11]
['Eloise Delaney', 11]
['Elowen Dickinson', 10]
['Elowen Eastwood', 9]
['Elsie Holder', 11]
['Elvis Soto', 10]
['Elwood Bryan', 11]
['Elysha Orozco', 11]
['Emelia Graves', 10]
['Emelie Cleveland', 10]
['Emile Drew', 10]
['Emile Scott', 11]
['Emily-Jane Sweeney', 9]
['Emily-Rose Fulton', 11]
['Emma-Louise Coulson', 9]
['Emmeline Kaufman', 10]
['Erika Wilson', 11]
['Erin Booker', 10]
['Eryk Patel', 10]
['Eshaan Lyons', 11]
['Eshaan Mann', 9]
['Eshaan Perez', 11]
['Esmay Stamp', 9]
['Esme-Rose Stout', 10]
['Estelle Mcknight', 10]
['Esther Wilson', 10]
['Ethan Mcculloch', 11]
['Evalyn Trevino', 9]
['Ewen Figueroa', 10]
['Ezekiel Rivas', 9]
['Faiza Simmons', 10]
['Faraz Laing', 11]
['Farrah Rubio', 11]
['Fatema Simmonds', 11]
['Fatema Weber', 11]
['Fathima Maldonado', 10]
['Federico Conroy', 10]
['Ferne Mcgrath', 9]
['Floyd Hyde', 11]
['Flynn Decker', 10]
['Francesca Stephenson', 10]
['Francis Marks', 9]
['Fraser Simmonds', 9]
['Frederick Callahan', 10]
['Fredrick Mcneil', 9]
['Freya Barlow', 11]
['Freya Beaumont', 9]
['Gaia Vega', 9]
['Gail Carver', 10]
['Geraint Orozco', 11]
['Gerald Dupont', 11]
['Geraldine Robbins', 10]
['Gerrard Keenan', 9]
['Giorgia Holcomb', 10]
['Giselle Beck', 11]
['Gracie-Mai Garrett', 9]
['Gurleen Kerr', 9]
['Hadassah Dyer', 10]
['Hadi Patrick', 10]
['Hadiya Espinosa', 9]
['Haiden Pope', 9]
['Hal Thatcher', 11]
['Hamza Naylor', 10]
['Hania Finnegan', 9]
['Haniya Whelan', 10]
['Hanna Orozco', 9]
['Harleen Cortes', 11]
['Harlen Grimes', 9]
['Harmony Short', 10]
['Haroon Pike', 10]
['Harpreet Lin', 10]
['Harry Cantrell', 11]
['Harvie English', 9]
['Harvie Mcintosh', 11]
['Hawwa Davie', 11]
['Hayley Hamer', 9]
['Hayley Mcdonald', 11]
['Hazel Whittle', 9]
['Henri Mcloughlin', 11]
['Herman Herrera', 11]
['Hester Baker', 11]
['Hira Kay', 9]
['Hollie Hutton', 11]
['Holly Sutherland', 11]
['Honey Hatfield', 10]
['Huseyin Farrow', 10]
['Hussain Peck', 9]
['Ian Vickers', 11]
['Idrees Coleman', 11]
['Idris Christie', 10]
['Iestyn Coombes', 10]
['Iestyn Strong', 11]
['Igor Emery', 9]
['Ihsan Kemp', 9]
['Imaan Peacock', 9]
['India Caldwell', 9]
['Ines Matthews', 10]
['Ingrid Begum', 9]
['Ishan Bishop', 9]
['Ismaeel Kennedy', 11]
['Isobel Mckenzie', 9]
['Israr Shepard', 10]
['Ivy Paul', 11]
['Izaac Cornish', 9]
['Izaak Quintana', 10]
['Izaan Mcintyre', 10]
['Jacqueline Healy', 11]
['Jada Stevenson', 9]
['Jagdeep Burrows', 11]
['Jaime Jensen', 10]
['Jaime Payne', 9]
['Jamie Foreman', 11]
['Jamie Mccarthy', 10]
['Jana Parks', 9]
['Jasmin Donald', 11]
['Jaspal Rubio', 9]
['Jay-Jay Stout', 9]
['Jaylen Sparrow', 10]
['Jazmine Dennis', 11]
['Jeanette Mcdonald', 11]
['Jemma Jeffery', 9]
['Jibril Huff', 9]
['Jillian Colley', 9]
['Jim Barr', 10]
['Jimmie Briggs', 10]
['Joan Stubbs', 11]
['Joann Bond', 9]
['John-James Hartley', 10]
['Johnathon Morris', 11]
['Jonah Farmer', 9]
['Jonas Rosas', 10]
['Jonathan Leonard', 11]
['Jonathon Begum', 11]
['Jordanna Buxton', 11]
['Julia Browne', 10]
['Kaan Watson', 10]
['Kabir Herman', 11]
['Kade Prosser', 11]
['Kaelan Howells', 9]
['Kaiden Guerra', 10]
['Kairon Crossley', 10]
['Kajal Shannon', 11]
['Kallum West', 9]
['Kalum Rasmussen', 10]
['Kamal Cortez', 10]
['Kamron Bell', 10]
['Kareena Harvey', 9]
['Karina Maxwell', 10]
['Karol Lee', 10]
['Katherine Terry', 10]
['Kathy Whelan', 9]
['Katy Li', 11]
['Kaylen Moran', 11]
['Kayson Bauer', 9]
['Kealan Amos', 11]
['Kean Draper', 10]
['Keira Randolph', 10]
['Kelan Drew', 9]
['Kendra Ortega', 10]
['Kester Levy', 11]
['Kezia Parsons', 9]
['Khushi Kaye', 10]
['Kiera Barnett', 11]
['Kimberly Beil', 11]
['Kimora Lindsay', 10]
['Kimora Sykes', 11]
['Kinga Corrigan', 10]
['Kishan Mcleod', 9]
['Kitty Churchill', 11]
['Kiya Blaese', 10]
['Konrad Hackett', 11]
['Kory Huerta', 11]
['Kristofer Avery', 10]
['Krzysztof Jimenez', 11]
['Kyal Hill', 11]
['Kyle Tapia', 11]
['Lachlan Pham', 9]
['Lana Bevan', 10]
['Lana Hooper', 10]
['Landon Valenzuela', 10]
['Lani Arellano', 10]
['Lani Valenzuela', 9]
['Larissa Stafford', 11]
['Latisha Rivera', 11]
['Laura Reyna', 11]
['Layla Blaese', 11]
['Leandro Cuevas', 10]
['Leandro Poole', 9]
['Leia Dunkley', 10]
['Leigh Spencer', 11]
['Leja Milne', 11]
['Leoni Holt', 9]
['Lester Hogan', 9]
['Lexi Hanna', 10]
['Lexie Devlin', 9]
['Leyla Begum', 9]
['Libbie Spears', 11]
['Lilia Rossi', 9]
['Lilian Lynch', 11]
['Liliana Barrow', 11]
['Lilly-Ann Mccormick', 11]
['Lindsey Whitehead', 10]
['Lorcan Le', 10]
['Loren Britt', 11]
['Lorraine Benson', 9]
['Lucca Sharp', 9]
['Lucia Hope', 10]
['Luciana Portillo', 10]
['Luisa Avila', 9]
['Lulu Bailey', 9]
['Lynn Arias', 9]
['Mabel Whitley', 9]
['Mac Barry', 11]
['Maci Swift', 11]
['Maddox Rich', 10]
['Madelaine Allison', 9]
['Madeleine Christensen', 10]
['Madeleine Cresswell', 11]
['Madelyn Read', 9]
['Mae Fischer', 9]
['Maeve Bevan', 10]
['Mahek Gross', 9]
['Mairead Collins', 11]
['Maison Oneal', 9]
['Makenzie Mcneill', 11]
['Malak Cunningham', 10]
['Malak Hassan', 9]
['Maliha Klein', 11]
['Manpreet Gibbs', 11]
['Marcelina Wilcox', 10]
['Marco Southern', 10]
['Margo Murray', 11]
['Marianne Trujillo', 10]
['Marion Bowers', 10]
['Marisa Mohamed', 9]
['Marius Conway', 10]
['Mariyah Cano', 9]
['Marlon Christie', 11]
['Martha Maxwell', 10]
['Mary Orr', 10]
['Matteo Parkinson', 9]
['Matthew Potts', 9]
['Matthew Simons', 10]
['Maude Pratt', 11]
['Maureen Pearce', 10]
['Max Garcia', 11]
['Max Nairn', 9]
['Maximus Silva', 9]
['Maxine Colley', 9]
['Maysa Gillespie', 9]
['Meredith Mccallum', 10]
['Mert Malone', 10]
['Michaela Harvey', 9]
['Michele Horn', 10]
['Mikaeel Dodson', 9]
['Mila Gibson', 11]
['Milan Blankenship', 10]
['Millicent Marsh', 11]
['Milo Adam', 10]
['Mischa Gonzalez', 9]
['Misha Frye', 10]
['Misty Bright', 10]
['Mitchel Mcintosh', 9]
['Mollie Thorne', 11]
['Molly Dickens', 11]
['Monika Ball', 11]
['Monique Gibbons', 10]
['Morris Steadman', 11]
['Morwenna Povey', 10]
['Muhammad Mason', 9]
['Mylah Duncan', 11]
['Myles Munoz', 11]
['Nadine Marks', 11]
['Nadir Salt', 9]
['Nafeesa Nichols', 10]
['Nafisa Iles', 10]
['Nafisa Traynor', 9]
['Najma Logan', 11]
['Nala Brooks', 10]
['Nansi Peck', 11]
['Natalie Mcarthur', 9]
['Natalya Stevens', 9]
['Natasha Osborn', 11]
['Nathanael Rangel', 11]
['Nazim Vo', 9]
['Neel Carroll', 11]
['Nellie Freeman', 10]
['Nettie Le', 9]
['Nichola Espinoza', 10]
['Nick Delaney', 9]
['Nico Estrada', 9]
['Nicola Mair', 11]
['Nikhil Mcghee', 9]
['Nile Koch', 10]
['Noa Rooney', 10]
['Nojus Moran', 11]
['Norman Contreras', 10]
['Nur Gill', 9]
['Nusaybah Rogers', 10]
['Olivia-Mae Pearson', 11]
['Olivia-Rose Cano', 9]
['Omari Russo', 9]
['Oriana Li', 9]
['Orion Hills', 10]
['Orlaith Bush', 9]
['Ottilie Foreman', 11]
['Parker Pruitt', 11]
['Patricia Lowe', 9]
['Patrick Erickson', 10]
['Paulina Cross', 9]
['Pharrell Mccarty', 9]
['Philippa Chang', 11]
['Pierre Bannister', 11]
['Poppy-Rose Owens', 9]
['Portia Hardy', 9]
['Rafael Person', 10]
['Rahul Rosario', 9]
['Raife Sims', 11]
['Rajan Chadwick', 10]
['Rajan Sykes', 11]
['Rajveer Prosser', 10]
['Rayan Humphreys', 10]
['Raymond Miller', 10]
['Rebekah Reid', 10]
['Reece Charles', 9]
['Reef Gilmour', 11]
['Reis Walsh', 11]
['Renae Gilmour', 10]
['Renzo Guerra', 10]
['Reuben Proctor', 10]
['Reyansh Cotton', 11]
['Rhiana Suarez', 11]
['Rhiann Meyers', 10]
['Rhianna Hatfield', 11]
['Rhianne Best', 10]
['Rhydian Fuller', 10]
['Rhydian Guy', 9]
['Ricardo Hardin', 9]
['Rida Kaiser', 9]
['Rivka Abbott', 9]
['Robyn Hammond', 11]
['Rohaan Dickens', 9]
['Roisin Carroll', 9]
['Ronaldo Beach', 10]
['Rose Albert', 9]
['Roshan Mclean', 10]
["Ruben O'Quinn", 11]
['Ruby Cullen', 10]
['Ruby-Rose Baker', 10]
['Rufus Shelton', 10]
['Rumaisa Couch', 10]
['Ruth Mackenzie', 10]
['Rylan Young', 9]
['Saarah Mullen', 11]
['Sabah Glass', 10]
['Sabina Harris', 9]
['Sadia Rubio', 10]
['Safaa Mahoney', 11]
['Sameer Maynard', 11]
['Samina Mann', 11]
['Samir Partridge', 9]
['Sana Lynn', 9]
['Sanya Ferrell', 11]
['Saul Villegas', 10]
['Savannah Churchill', 9]
['Saxon Warner', 11]
['Scarlett Penn', 9]
['Seamus Ashley', 10]
['Selin Wise', 10]
['Selin Wormald', 10]
['Serena Parkes', 11]
['Shahzaib Downes', 11]
['Shakir Terrell', 10]
['Shanna Preston', 11]
['Sharmin Bryant', 9]
['Shaurya Sweet', 10]
['Shayan Wilde', 10]
['Shayne Gale', 9]
['Shiv Stokes', 11]
['Shivam Ridley', 9]
['Shreya Mcgill', 10]
['Shyla Short', 11]
['Sidney Rodriguez', 9]
['Sofia Keeling', 10]
['Sofie Briggs', 10]
['Sofija Nash', 9]
['Sophia-Rose Petersen', 10]
['Soren Hebert', 10]
['Stacy Cherry', 9]
['Steven Maguire', 10]
['Sulaiman Moses', 10]
['Summer Alvarez', 10]
['Suzannah Mcdonald', 10]
['Sylvia Gay', 11]
['Szymon Wall', 9]
['Tahmina Molloy', 9]
['Talha Humphries', 9]
['Tallulah Quintana', 9]
['Tamera Hodge', 9]
['Tania Rooney', 9]
['Tariq Krause', 10]
['Tariq Mcfarlane', 10]
['Taslima Cisneros', 10]
['Tasmin Prosser', 9]
['Taylor Gallegos', 10]
['Tayyibah Howell', 9]
['Tazmin Macgregor', 10]
['Tehya Browning', 9]
['Teo Collins', 9]
['Thea Shields', 10]
['Theodore Chapman', 10]
['Tina Schofield', 11]
['Tobey Morton', 9]
['Tomi Rogers', 11]
['Trevor Byrd', 10]
['Trinity Harper', 11]
['Tudor Merritt', 9]
['Tyla Conrad', 10]
['Tyla Marriott', 11]
['Tyrell Pineda', 11]
['Tyrique Duran', 9]
['Tyrone Dyer', 10]
['Uma Martin', 11]
['Umair Simmons', 11]
['Usamah Cleveland', 11]
['Usmaan Martinez', 9]
['Uzma Salas', 9]
['Vihaan Jacobs', 11]
['Viktoria Ibarra', 11]
['Vinnie Lyon', 11]
['Vinny Rosales', 11]
['Virginia Maddox', 11]
['Waleed Maynard', 11]
['Walid Greenaway', 10]
['Wasim Alston', 9]
['Will Burton', 11]
['Willie Booker', 9]
['Wilson Peck', 9]
['Yolanda Pace', 10]
['Yousif Regan', 9]
['Zachary Tait', 10]
['Zack Frame', 10]
['Zackery Higgs', 11]
['Zakk Harrison', 11]
['Zane Underwood', 9]
['Zayd Odom', 10]
['Zaynab Hamer', 11]
['Zayne Deleon', 10]
['Zeenat Salgado', 10]
['Zephaniah Barker', 10]
['Zoey Parkinson', 11]
['Zoha Santana', 11]
['Zunairah Park', 9]
['Zuzanna Bell', 11]
